chemin,classe,classe_LOC,classe_CLOC,classe_DC,WMC,classe_BC
.\main\java\,module-info.java,40,3,0.075,0,0
.\main\java\org\jfree\chart\annotations\,AbstractAnnotation.java,68,130,1.9117647,13,0.14705883
.\main\java\org\jfree\chart\annotations\,AbstractXYAnnotation.java,77,109,1.4155844,17,0.08326967
.\main\java\org\jfree\chart\annotations\,Annotation.java,7,50,7.142857,1,7.142857
.\main\java\org\jfree\chart\annotations\,CategoryAnnotation.java,10,50,5.0,1,5.0
.\main\java\org\jfree\chart\annotations\,CategoryLineAnnotation.java,198,192,0.969697,27,0.035914704
.\main\java\org\jfree\chart\annotations\,CategoryPointerAnnotation.java,237,243,1.0253165,33,0.031070197
.\main\java\org\jfree\chart\annotations\,CategoryTextAnnotation.java,123,123,1.0,18,0.055555556
.\main\java\org\jfree\chart\annotations\,package-info.java,1,3,3.0,0,0
.\main\java\org\jfree\chart\annotations\,TextAnnotation.java,137,177,1.2919708,24,0.053832117
.\main\java\org\jfree\chart\annotations\,XYAnnotation.java,11,53,4.818182,1,4.818182
.\main\java\org\jfree\chart\annotations\,XYAnnotationBoundsInfo.java,7,57,8.142858,2,4.071429
.\main\java\org\jfree\chart\annotations\,XYBoxAnnotation.java,176,166,0.9431818,28,0.033685066
.\main\java\org\jfree\chart\annotations\,XYDataImageAnnotation.java,159,176,1.1069182,26,0.042573776
.\main\java\org\jfree\chart\annotations\,XYDrawableAnnotation.java,143,128,0.8951049,21,0.04262404
.\main\java\org\jfree\chart\annotations\,XYImageAnnotation.java,134,138,1.0298507,20,0.051492535
.\main\java\org\jfree\chart\annotations\,XYLineAnnotation.java,180,151,0.8388889,25,0.033555556
.\main\java\org\jfree\chart\annotations\,XYPointerAnnotation.java,252,242,0.96031743,35,0.02743764
.\main\java\org\jfree\chart\annotations\,XYPolygonAnnotation.java,171,150,0.877193,27,0.03248863
.\main\java\org\jfree\chart\annotations\,XYShapeAnnotation.java,152,120,0.7894737,19,0.041551247
.\main\java\org\jfree\chart\annotations\,XYTextAnnotation.java,282,301,1.0673759,47,0.022710126
.\main\java\org\jfree\chart\annotations\,XYTitleAnnotation.java,212,147,0.6933962,35,0.019811321
.\main\java\org\jfree\chart\api\,HorizontalAlignment.java,7,42,6.0,0,0
.\main\java\org\jfree\chart\api\,Layer.java,5,32,6.4,0,0
.\main\java\org\jfree\chart\api\,LengthAdjustmentType.java,7,41,5.857143,0,0
.\main\java\org\jfree\chart\api\,package-info.java,1,3,3.0,0,0
.\main\java\org\jfree\chart\api\,PublicCloneable.java,6,48,8.0,0,0
.\main\java\org\jfree\chart\api\,RectangleAlignment.java,91,48,0.52747256,13,0.04057481
.\main\java\org\jfree\chart\api\,RectangleAnchor.java,97,57,0.58762884,20,0.029381443
.\main\java\org\jfree\chart\api\,RectangleEdge.java,45,65,1.4444444,12,0.120370366
.\main\java\org\jfree\chart\api\,RectangleInsets.java,275,238,0.86545455,52,0.016643357
.\main\java\org\jfree\chart\api\,Rotation.java,12,55,4.5833335,1,4.5833335
.\main\java\org\jfree\chart\api\,SortOrder.java,5,39,7.8,0,0
.\main\java\org\jfree\chart\api\,TableOrder.java,5,39,7.8,0,0
.\main\java\org\jfree\chart\api\,UnitType.java,5,39,7.8,0,0
.\main\java\org\jfree\chart\api\,VerticalAlignment.java,7,42,6.0,0,0
.\main\java\org\jfree\chart\api\,XYCoordinateType.java,6,47,7.8333335,0,0
.\main\java\org\jfree\chart\axis\,Axis.java,800,748,0.935,154,0.006071429
.\main\java\org\jfree\chart\axis\,AxisCollection.java,49,78,1.5918367,8,0.19897959
.\main\java\org\jfree\chart\axis\,AxisLabelLocation.java,8,41,5.125,0,0
.\main\java\org\jfree\chart\axis\,AxisLocation.java,26,55,2.1153846,6,0.3525641
.\main\java\org\jfree\chart\axis\,AxisSpace.java,189,153,0.8095238,42,0.019274376
.\main\java\org\jfree\chart\axis\,AxisState.java,66,109,1.6515151,17,0.09714795
.\main\java\org\jfree\chart\axis\,CategoryAnchor.java,6,42,7.0,0,0
.\main\java\org\jfree\chart\axis\,CategoryAxis.java,730,571,0.78219175,129,0.006063502
.\main\java\org\jfree\chart\axis\,CategoryLabelPosition.java,99,130,1.3131313,20,0.065656565
.\main\java\org\jfree\chart\axis\,CategoryLabelPositions.java,217,169,0.77880186,21,0.0370858
.\main\java\org\jfree\chart\axis\,CategoryLabelWidthType.java,5,40,8.0,0,0
.\main\java\org\jfree\chart\axis\,CategoryTick.java,55,77,1.4,10,0.14
.\main\java\org\jfree\chart\axis\,CompassFormat.java,48,92,1.9166666,9,0.21296296
.\main\java\org\jfree\chart\axis\,CyclicNumberAxis.java,653,395,0.6049005,104,0.0058163507
.\main\java\org\jfree\chart\axis\,DateAxis.java,1066,608,0.5703565,163,0.0034991195
.\main\java\org\jfree\chart\axis\,DateTick.java,42,78,1.8571428,8,0.23214285
.\main\java\org\jfree\chart\axis\,DateTickMarkPosition.java,6,47,7.8333335,0,0
.\main\java\org\jfree\chart\axis\,DateTickUnit.java,140,177,1.2642857,32,0.039508928
.\main\java\org\jfree\chart\axis\,DateTickUnitType.java,18,56,3.1111112,1,3.1111112
.\main\java\org\jfree\chart\axis\,ExtendedCategoryAxis.java,106,124,1.1698114,18,0.06498952
.\main\java\org\jfree\chart\axis\,LogarithmicAxis.java,561,456,0.8128342,101,0.008047864
.\main\java\org\jfree\chart\axis\,LogAxis.java,576,403,0.6996528,97,0.0072129155
.\main\java\org\jfree\chart\axis\,LogTick.java,17,58,3.4117646,2,1.7058823
.\main\java\org\jfree\chart\axis\,MarkerAxisBand.java,133,109,0.81954885,18,0.04553049
.\main\java\org\jfree\chart\axis\,ModuloAxis.java,215,187,0.8697674,40,0.021744186
.\main\java\org\jfree\chart\axis\,MonthDateFormat.java,98,132,1.3469387,19,0.070891514
.\main\java\org\jfree\chart\axis\,NumberAxis.java,599,430,0.7178631,111,0.006467235
.\main\java\org\jfree\chart\axis\,NumberTick.java,19,65,3.4210527,3,1.1403509
.\main\java\org\jfree\chart\axis\,NumberTickUnit.java,55,84,1.5272727,11,0.13884297
.\main\java\org\jfree\chart\axis\,NumberTickUnitSource.java,168,57,0.3392857,39,0.008699633
.\main\java\org\jfree\chart\axis\,package-info.java,1,3,3.0,0,0
.\main\java\org\jfree\chart\axis\,PeriodAxis.java,670,429,0.6402985,113,0.0056663584
.\main\java\org\jfree\chart\axis\,PeriodAxisLabelInfo.java,158,162,1.0253165,24,0.04272152
.\main\java\org\jfree\chart\axis\,QuarterDateFormat.java,81,96,1.1851852,12,0.09876543
.\main\java\org\jfree\chart\axis\,StandardTickUnitSource.java,39,80,2.0512822,7,0.2930403
.\main\java\org\jfree\chart\axis\,SubCategoryAxis.java,233,165,0.7081545,39,0.018157808
.\main\java\org\jfree\chart\axis\,SymbolAxis.java,423,262,0.61938536,66,0.0093846265
.\main\java\org\jfree\chart\axis\,Tick.java,65,92,1.4153847,13,0.108875744
.\main\java\org\jfree\chart\axis\,TickType.java,5,40,8.0,0,0
.\main\java\org\jfree\chart\axis\,TickUnit.java,64,103,1.609375,15,0.10729167
.\main\java\org\jfree\chart\axis\,TickUnits.java,72,123,1.7083334,13,0.13141026
.\main\java\org\jfree\chart\axis\,TickUnitSource.java,6,68,11.333333,2,5.6666665
.\main\java\org\jfree\chart\axis\,Timeline.java,11,122,11.090909,4,2.7727273
.\main\java\org\jfree\chart\axis\,ValueAxis.java,768,756,0.984375,162,0.006076389
.\main\java\org\jfree\chart\axis\,ValueTick.java,42,81,1.9285715,9,0.21428572
.\main\java\org\jfree\chart\block\,AbstractBlock.java,259,326,1.2586873,53,0.023748817
.\main\java\org\jfree\chart\block\,Arrangement.java,7,61,8.714286,2,4.357143
.\main\java\org\jfree\chart\block\,Block.java,13,88,6.769231,4,1.6923077
.\main\java\org\jfree\chart\block\,BlockBorder.java,101,113,1.1188118,18,0.062156215
.\main\java\org\jfree\chart\block\,BlockContainer.java,126,128,1.0158731,25,0.040634923
.\main\java\org\jfree\chart\block\,BlockFrame.java,9,51,5.6666665,1,5.6666665
.\main\java\org\jfree\chart\block\,BlockParams.java,30,95,3.1666667,7,0.45238096
.\main\java\org\jfree\chart\block\,BlockResult.java,15,57,3.8,3,1.2666667
.\main\java\org\jfree\chart\block\,BorderArrangement.java,382,130,0.34031415,71,0.004793157
.\main\java\org\jfree\chart\block\,CenterArrangement.java,140,161,1.15,31,0.037096772
.\main\java\org\jfree\chart\block\,ColorBlock.java,72,103,1.4305556,11,0.13005051
.\main\java\org\jfree\chart\block\,ColumnArrangement.java,208,150,0.72115386,42,0.01717033
.\main\java\org\jfree\chart\block\,EmptyBlock.java,33,78,2.3636363,4,0.59090906
.\main\java\org\jfree\chart\block\,EntityBlockParams.java,4,50,12.5,1,12.5
.\main\java\org\jfree\chart\block\,EntityBlockResult.java,5,48,9.6,1,9.6
.\main\java\org\jfree\chart\block\,FlowArrangement.java,234,178,0.7606838,46,0.016536605
.\main\java\org\jfree\chart\block\,GridArrangement.java,242,166,0.6859504,51,0.013450008
.\main\java\org\jfree\chart\block\,LabelBlock.java,179,204,1.1396648,32,0.035614524
.\main\java\org\jfree\chart\block\,LengthConstraintType.java,6,46,7.6666665,0,0
.\main\java\org\jfree\chart\block\,LineBorder.java,118,96,0.8135593,18,0.04519774
.\main\java\org\jfree\chart\block\,package-info.java,1,3,3.0,0,0
.\main\java\org\jfree\chart\block\,RectangleConstraint.java,149,171,1.147651,33,0.034777302
.\main\java\org\jfree\chart\block\,Size2D.java,66,90,1.3636364,13,0.10489511
.\main\java\org\jfree\chart\,ChartColor.java,70,79,1.1285714,2,0.5642857
.\main\java\org\jfree\chart\,ChartElement.java,5,44,8.8,1,8.8
.\main\java\org\jfree\chart\,ChartElementVisitor.java,6,43,7.1666665,1,7.1666665
.\main\java\org\jfree\chart\,ChartFactory.java,1017,877,0.8623402,122,0.0070683626
.\main\java\org\jfree\chart\,ChartHints.java,30,68,2.2666667,5,0.45333332
.\main\java\org\jfree\chart\,ChartRenderingInfo.java,97,134,1.3814433,19,0.07270754
.\main\java\org\jfree\chart\,ChartTheme.java,4,47,11.75,1,11.75
.\main\java\org\jfree\chart\,ChartTransferable.java,103,130,1.2621359,13,0.097087376
.\main\java\org\jfree\chart\,ChartUtils.java,236,395,1.6737288,8,0.2092161
.\main\java\org\jfree\chart\date\,MonthConstants.java,15,50,3.3333333,0,0
.\main\java\org\jfree\chart\date\,package-info.java,1,3,3.0,0,0
.\main\java\org\jfree\chart\date\,SerialDate.java,356,501,1.4073033,115,0.01223742
.\main\java\org\jfree\chart\date\,SpreadsheetDate.java,178,230,1.2921349,34,0.038003966
.\main\java\org\jfree\chart\,Drawable.java,6,37,6.1666665,1,6.1666665
.\main\java\org\jfree\chart\encoders\,EncoderUtil.java,53,125,2.3584905,0,0
.\main\java\org\jfree\chart\encoders\,ImageEncoder.java,13,82,6.3076925,2,3.1538463
.\main\java\org\jfree\chart\encoders\,ImageEncoderFactory.java,52,91,1.75,8,0.21875
.\main\java\org\jfree\chart\encoders\,ImageFormat.java,6,46,7.6666665,0,0
.\main\java\org\jfree\chart\encoders\,package-info.java,1,3,3.0,0,0
.\main\java\org\jfree\chart\encoders\,SunJPEGEncoderAdapter.java,59,97,1.6440678,6,0.27401128
.\main\java\org\jfree\chart\encoders\,SunPNGEncoderAdapter.java,36,81,2.25,4,0.5625
.\main\java\org\jfree\chart\entity\,AxisEntity.java,79,112,1.4177215,14,0.101265825
.\main\java\org\jfree\chart\entity\,CategoryItemEntity.java,65,110,1.6923077,13,0.13017751
.\main\java\org\jfree\chart\entity\,CategoryLabelEntity.java,45,72,1.6,8,0.2
.\main\java\org\jfree\chart\entity\,ChartEntity.java,181,190,1.0497237,33,0.03180981
.\main\java\org\jfree\chart\entity\,EntityCollection.java,13,82,6.3076925,4,1.5769231
.\main\java\org\jfree\chart\entity\,FlowEntity.java,40,66,1.65,7,0.23571429
.\main\java\org\jfree\chart\entity\,JFreeChartEntity.java,79,111,1.4050633,14,0.10036166
.\main\java\org\jfree\chart\entity\,LegendItemEntity.java,56,98,1.75,12,0.14583333
.\main\java\org\jfree\chart\entity\,NodeEntity.java,26,65,2.5,4,0.625
.\main\java\org\jfree\chart\entity\,package-info.java,1,3,3.0,0,0
.\main\java\org\jfree\chart\entity\,PieSectionEntity.java,81,130,1.6049383,17,0.09440813
.\main\java\org\jfree\chart\entity\,PlotEntity.java,79,111,1.4050633,14,0.10036166
.\main\java\org\jfree\chart\entity\,StandardEntityCollection.java,86,104,1.2093023,9,0.13436693
.\main\java\org\jfree\chart\entity\,TickLabelEntity.java,10,47,4.7,1,4.7
.\main\java\org\jfree\chart\entity\,TitleEntity.java,79,111,1.4050633,14,0.10036166
.\main\java\org\jfree\chart\entity\,XYAnnotationEntity.java,35,66,1.8857143,8,0.23571429
.\main\java\org\jfree\chart\entity\,XYItemEntity.java,56,97,1.7321428,13,0.13324176
.\main\java\org\jfree\chart\event\,AnnotationChangeEvent.java,14,52,3.7142856,2,1.8571428
.\main\java\org\jfree\chart\event\,AnnotationChangeListener.java,6,44,7.3333335,1,7.3333335
.\main\java\org\jfree\chart\event\,AxisChangeEvent.java,12,51,4.25,2,2.125
.\main\java\org\jfree\chart\event\,AxisChangeListener.java,5,50,10.0,1,10.0
.\main\java\org\jfree\chart\event\,ChartChangeEvent.java,34,81,2.3823528,7,0.3403361
.\main\java\org\jfree\chart\event\,ChartChangeEventType.java,6,41,6.8333335,0,0
.\main\java\org\jfree\chart\event\,ChartChangeListener.java,5,47,9.4,1,9.4
.\main\java\org\jfree\chart\event\,ChartProgressEvent.java,35,80,2.2857144,7,0.32653064
.\main\java\org\jfree\chart\event\,ChartProgressEventType.java,7,40,5.714286,0,0
.\main\java\org\jfree\chart\event\,ChartProgressListener.java,5,44,8.8,1,8.8
.\main\java\org\jfree\chart\event\,MarkerChangeEvent.java,12,52,4.3333335,2,2.1666667
.\main\java\org\jfree\chart\event\,MarkerChangeListener.java,6,44,7.3333335,1,7.3333335
.\main\java\org\jfree\chart\event\,package-info.java,1,5,5.0,0,0
.\main\java\org\jfree\chart\event\,PlotChangeEvent.java,12,52,4.3333335,2,2.1666667
.\main\java\org\jfree\chart\event\,PlotChangeListener.java,5,45,9.0,1,9.0
.\main\java\org\jfree\chart\event\,RendererChangeEvent.java,19,68,3.5789473,4,0.8947368
.\main\java\org\jfree\chart\event\,RendererChangeListener.java,5,44,8.8,1,8.8
.\main\java\org\jfree\chart\event\,TitleChangeEvent.java,12,49,4.0833335,2,2.0416667
.\main\java\org\jfree\chart\event\,TitleChangeListener.java,5,45,9.0,1,9.0
.\main\java\org\jfree\chart\imagemap\,DynamicDriveToolTipTagFragmentGenerator.java,20,66,3.3,3,1.1
.\main\java\org\jfree\chart\imagemap\,ImageMapUtils.java,123,116,0.9430894,20,0.04715447
.\main\java\org\jfree\chart\imagemap\,OverLIBToolTipTagFragmentGenerator.java,13,56,4.3076925,2,2.1538463
.\main\java\org\jfree\chart\imagemap\,package-info.java,1,3,3.0,0,0
.\main\java\org\jfree\chart\imagemap\,StandardToolTipTagFragmentGenerator.java,12,53,4.4166665,2,2.2083333
.\main\java\org\jfree\chart\imagemap\,StandardURLTagFragmentGenerator.java,11,55,5.0,2,2.5
.\main\java\org\jfree\chart\imagemap\,ToolTipTagFragmentGenerator.java,4,57,14.25,1,14.25
.\main\java\org\jfree\chart\imagemap\,URLTagFragmentGenerator.java,8,54,6.75,1,6.75
.\main\java\org\jfree\chart\internal\,Args.java,38,80,2.1052632,10,0.21052632
.\main\java\org\jfree\chart\internal\,ArrayUtils.java,106,82,0.7735849,31,0.024954353
.\main\java\org\jfree\chart\internal\,CloneUtils.java,92,85,0.92391306,10,0.092391305
.\main\java\org\jfree\chart\internal\,HashUtils.java,70,127,1.8142858,14,0.12959184
.\main\java\org\jfree\chart\internal\,LineUtils.java,86,68,0.7906977,15,0.052713178
.\main\java\org\jfree\chart\internal\,package-info.java,1,3,3.0,0,0
.\main\java\org\jfree\chart\internal\,PaintUtils.java,119,84,0.7058824,20,0.03529412
.\main\java\org\jfree\chart\internal\,SerialUtils.java,420,221,0.52619046,61,0.008626073
.\main\java\org\jfree\chart\internal\,ShapeUtils.java,266,227,0.8533835,46,0.018551815
.\main\java\org\jfree\chart\,JFreeChart.java,793,727,0.91677177,149,0.0061528306
.\main\java\org\jfree\chart\labels\,AbstractCategoryItemLabelGenerator.java,135,151,1.1185185,23,0.04863124
.\main\java\org\jfree\chart\labels\,AbstractPieItemLabelGenerator.java,103,110,1.0679612,19,0.056208484
.\main\java\org\jfree\chart\labels\,AbstractXYItemLabelGenerator.java,155,160,1.032258,30,0.034408603
.\main\java\org\jfree\chart\labels\,BoxAndWhiskerToolTipGenerator.java,52,81,1.5576923,7,0.22252747
.\main\java\org\jfree\chart\labels\,BoxAndWhiskerXYToolTipGenerator.java,57,85,1.4912281,8,0.18640351
.\main\java\org\jfree\chart\labels\,BubbleXYItemLabelGenerator.java,115,127,1.1043478,19,0.05812357
.\main\java\org\jfree\chart\labels\,CategoryItemLabelGenerator.java,7,70,10.0,2,5.0
.\main\java\org\jfree\chart\labels\,CategorySeriesLabelGenerator.java,5,51,10.2,1,10.2
.\main\java\org\jfree\chart\labels\,CategoryToolTipGenerator.java,5,56,11.2,1,11.2
.\main\java\org\jfree\chart\labels\,CrosshairLabelGenerator.java,5,45,9.0,1,9.0
.\main\java\org\jfree\chart\labels\,CustomXYToolTipGenerator.java,77,92,1.1948051,17,0.07028265
.\main\java\org\jfree\chart\labels\,FlowLabelGenerator.java,8,48,6.0,1,6.0
.\main\java\org\jfree\chart\labels\,HighLowItemLabelGenerator.java,110,93,0.8454546,20,0.042272728
.\main\java\org\jfree\chart\labels\,IntervalCategoryItemLabelGenerator.java,54,68,1.2592592,9,0.13991769
.\main\java\org\jfree\chart\labels\,IntervalCategoryToolTipGenerator.java,64,77,1.203125,13,0.09254808
.\main\java\org\jfree\chart\labels\,IntervalXYItemLabelGenerator.java,128,119,0.9296875,20,0.046484374
.\main\java\org\jfree\chart\labels\,IntervalXYToolTipGenerator.java,124,119,0.9596774,20,0.04798387
.\main\java\org\jfree\chart\labels\,ItemLabelAnchor.java,28,64,2.2857144,0,0
.\main\java\org\jfree\chart\labels\,ItemLabelPosition.java,76,94,1.2368422,15,0.08245614
.\main\java\org\jfree\chart\labels\,MultipleXYSeriesLabelGenerator.java,112,100,0.89285713,18,0.049603175
.\main\java\org\jfree\chart\labels\,package-info.java,1,3,3.0,0,0
.\main\java\org\jfree\chart\labels\,PieSectionLabelGenerator.java,11,74,6.7272725,1,6.7272725
.\main\java\org\jfree\chart\labels\,PieToolTipGenerator.java,5,49,9.8,1,9.8
.\main\java\org\jfree\chart\labels\,StandardCategoryItemLabelGenerator.java,47,86,1.8297873,9,0.2033097
.\main\java\org\jfree\chart\labels\,StandardCategorySeriesLabelGenerator.java,57,87,1.5263158,9,0.16959065
.\main\java\org\jfree\chart\labels\,StandardCategoryToolTipGenerator.java,43,76,1.7674419,8,0.22093023
.\main\java\org\jfree\chart\labels\,StandardCrosshairLabelGenerator.java,57,80,1.4035088,11,0.12759171
.\main\java\org\jfree\chart\labels\,StandardFlowLabelGenerator.java,52,68,1.3076923,7,0.18681319
.\main\java\org\jfree\chart\labels\,StandardPieSectionLabelGenerator.java,85,145,1.7058823,14,0.12184874
.\main\java\org\jfree\chart\labels\,StandardPieToolTipGenerator.java,37,92,2.4864864,6,0.4144144
.\main\java\org\jfree\chart\labels\,StandardXYItemLabelGenerator.java,58,115,1.9827586,11,0.18025078
.\main\java\org\jfree\chart\labels\,StandardXYSeriesLabelGenerator.java,58,93,1.6034483,9,0.17816092
.\main\java\org\jfree\chart\labels\,StandardXYToolTipGenerator.java,59,115,1.9491526,11,0.17719568
.\main\java\org\jfree\chart\labels\,StandardXYZToolTipGenerator.java,109,122,1.119266,18,0.062181447
.\main\java\org\jfree\chart\labels\,SymbolicXYItemLabelGenerator.java,70,87,1.2428571,11,0.11298701
.\main\java\org\jfree\chart\labels\,XYItemLabelGenerator.java,5,49,9.8,1,9.8
.\main\java\org\jfree\chart\labels\,XYSeriesLabelGenerator.java,5,52,10.4,1,10.4
.\main\java\org\jfree\chart\labels\,XYToolTipGenerator.java,5,48,9.6,1,9.6
.\main\java\org\jfree\chart\labels\,XYZToolTipGenerator.java,5,48,9.6,1,9.6
.\main\java\org\jfree\chart\legend\,LegendGraphic.java,334,349,1.0449102,70,0.0149272885
.\main\java\org\jfree\chart\legend\,LegendItem.java,445,539,1.211236,81,0.014953531
.\main\java\org\jfree\chart\legend\,LegendItemBlockContainer.java,69,101,1.4637681,11,0.13306983
.\main\java\org\jfree\chart\legend\,LegendItemCollection.java,56,86,1.5357143,11,0.1396104
.\main\java\org\jfree\chart\legend\,LegendItemSource.java,5,45,9.0,1,9.0
.\main\java\org\jfree\chart\legend\,LegendRenderingOrder.java,5,40,8.0,0,0
.\main\java\org\jfree\chart\legend\,LegendTitle.java,347,270,0.778098,63,0.012350761
.\main\java\org\jfree\chart\legend\,package-info.java,1,3,3.0,0,0
.\main\java\org\jfree\chart\legend\,PaintScaleLegend.java,392,271,0.69132656,69,0.010019225
.\main\java\org\jfree\chart\,package-info.java,1,3,3.0,0,0
.\main\java\org\jfree\chart\plot\,CategoryCrosshairState.java,64,93,1.453125,13,0.11177885
.\main\java\org\jfree\chart\plot\,CategoryMarker.java,69,105,1.5217391,11,0.13833992
.\main\java\org\jfree\chart\plot\,CategoryPlot.java,2419,2110,0.8722613,485,0.0017984769
.\main\java\org\jfree\chart\plot\,CenterTextMode.java,10,41,4.1,0,0
.\main\java\org\jfree\chart\plot\,CombinedDomainCategoryPlot.java,358,255,0.7122905,71,0.010032261
.\main\java\org\jfree\chart\plot\,CombinedDomainXYPlot.java,397,300,0.7556675,85,0.008890206
.\main\java\org\jfree\chart\plot\,CombinedRangeCategoryPlot.java,307,209,0.6807818,61,0.011160357
.\main\java\org\jfree\chart\plot\,CombinedRangeXYPlot.java,374,277,0.7406417,68,0.01089179
.\main\java\org\jfree\chart\plot\compass\,ArrowNeedle.java,78,78,1.0,11,0.09090909
.\main\java\org\jfree\chart\plot\compass\,CompassPlot.java,438,338,0.7716895,83,0.009297463
.\main\java\org\jfree\chart\plot\compass\,LineNeedle.java,41,69,1.6829268,6,0.2804878
.\main\java\org\jfree\chart\plot\compass\,LongNeedle.java,87,74,0.85057473,11,0.07732498
.\main\java\org\jfree\chart\plot\compass\,MeterNeedle.java,178,198,1.1123595,40,0.027808988
.\main\java\org\jfree\chart\plot\compass\,MiddlePinNeedle.java,61,71,1.1639345,8,0.14549181
.\main\java\org\jfree\chart\plot\compass\,package-info.java,1,3,3.0,0,0
.\main\java\org\jfree\chart\plot\compass\,PinNeedle.java,59,71,1.2033899,8,0.15042374
.\main\java\org\jfree\chart\plot\compass\,PlumNeedle.java,51,69,1.3529412,7,0.19327731
.\main\java\org\jfree\chart\plot\compass\,PointerNeedle.java,70,70,1.0,10,0.1
.\main\java\org\jfree\chart\plot\compass\,ShipNeedle.java,49,70,1.4285715,7,0.20408164
.\main\java\org\jfree\chart\plot\compass\,WindNeedle.java,45,65,1.4444444,8,0.18055555
.\main\java\org\jfree\chart\plot\,Crosshair.java,298,377,1.2651007,55,0.023001831
.\main\java\org\jfree\chart\plot\,CrosshairState.java,111,215,1.936937,27,0.07173841
.\main\java\org\jfree\chart\plot\,DatasetRenderingOrder.java,5,55,11.0,0,0
.\main\java\org\jfree\chart\plot\,DefaultDrawingSupplier.java,276,187,0.67753625,42,0.016131815
.\main\java\org\jfree\chart\plot\dial\,AbstractDialLayer.java,74,119,1.6081082,14,0.11486487
.\main\java\org\jfree\chart\plot\dial\,ArcDialFrame.java,228,239,1.0482457,34,0.030830756
.\main\java\org\jfree\chart\plot\dial\,DialBackground.java,100,142,1.42,16,0.08875
.\main\java\org\jfree\chart\plot\dial\,DialCap.java,131,174,1.3282443,21,0.06324973
.\main\java\org\jfree\chart\plot\dial\,DialFrame.java,7,52,7.428571,1,7.428571
.\main\java\org\jfree\chart\plot\dial\,DialLayer.java,14,88,6.285714,3,2.095238
.\main\java\org\jfree\chart\plot\dial\,DialLayerChangeEvent.java,12,50,4.1666665,2,2.0833333
.\main\java\org\jfree\chart\plot\dial\,DialLayerChangeListener.java,5,46,9.2,1,9.2
.\main\java\org\jfree\chart\plot\dial\,DialPlot.java,373,379,1.0160857,79,0.012861845
.\main\java\org\jfree\chart\plot\dial\,DialPointer.java,279,283,1.014337,44,0.023053112
.\main\java\org\jfree\chart\plot\dial\,DialScale.java,5,58,11.6,1,11.6
.\main\java\org\jfree\chart\plot\dial\,DialTextAnnotation.java,159,202,1.2704402,27,0.04705334
.\main\java\org\jfree\chart\plot\dial\,DialValueIndicator.java,327,363,1.1100917,58,0.019139512
.\main\java\org\jfree\chart\plot\dial\,package-info.java,1,3,3.0,0,0
.\main\java\org\jfree\chart\plot\dial\,StandardDialFrame.java,149,173,1.1610738,22,0.052776083
.\main\java\org\jfree\chart\plot\dial\,StandardDialRange.java,181,210,1.160221,32,0.036256906
.\main\java\org\jfree\chart\plot\dial\,StandardDialScale.java,417,501,1.2014389,79,0.015208087
.\main\java\org\jfree\chart\plot\,DialShape.java,6,42,7.0,0,0
.\main\java\org\jfree\chart\plot\,DrawingSupplier.java,12,76,6.3333335,3,2.1111112
.\main\java\org\jfree\chart\plot\,FastScatterPlot.java,507,467,0.92110455,96,0.009594839
.\main\java\org\jfree\chart\plot\flow\,FlowPlot.java,493,300,0.60851926,87,0.006994474
.\main\java\org\jfree\chart\plot\flow\,package-info.java,1,3,3.0,0,0
.\main\java\org\jfree\chart\plot\,IntervalMarker.java,82,115,1.402439,16,0.08765244
.\main\java\org\jfree\chart\plot\,Marker.java,270,335,1.2407408,55,0.022558924
.\main\java\org\jfree\chart\plot\,MeterInterval.java,89,109,1.224719,16,0.07654494
.\main\java\org\jfree\chart\plot\,MeterPlot.java,643,520,0.8087092,114,0.0070939404
.\main\java\org\jfree\chart\plot\,package-info.java,1,3,3.0,0,0
.\main\java\org\jfree\chart\plot\,Pannable.java,11,69,6.2727275,3,2.0909092
.\main\java\org\jfree\chart\plot\pie\,AbstractPieLabelDistributor.java,24,72,3.0,6,0.5
.\main\java\org\jfree\chart\plot\pie\,MultiplePiePlot.java,355,220,0.6197183,59,0.0105037
.\main\java\org\jfree\chart\plot\pie\,package-info.java,1,3,3.0,0,0
.\main\java\org\jfree\chart\plot\pie\,PieLabelDistributor.java,107,93,0.86915886,26,0.033429187
.\main\java\org\jfree\chart\plot\pie\,PieLabelLinkStyle.java,6,42,7.0,0,0
.\main\java\org\jfree\chart\plot\pie\,PieLabelRecord.java,114,139,1.2192982,29,0.042044766
.\main\java\org\jfree\chart\plot\pie\,PiePlot.java,1547,1376,0.8894635,280,0.0031766554
.\main\java\org\jfree\chart\plot\pie\,PiePlotState.java,81,158,1.9506173,21,0.09288654
.\main\java\org\jfree\chart\plot\,Plot.java,660,668,1.0121212,152,0.006658692
.\main\java\org\jfree\chart\plot\,PlotOrientation.java,12,54,4.5,2,2.25
.\main\java\org\jfree\chart\plot\,PlotRenderingInfo.java,117,147,1.2564102,23,0.054626532
.\main\java\org\jfree\chart\plot\,PlotState.java,14,47,3.357143,2,1.6785715
.\main\java\org\jfree\chart\plot\,PolarAxisLocation.java,11,51,4.6363635,0,0
.\main\java\org\jfree\chart\plot\,PolarPlot.java,988,854,0.8643725,161,0.0053687734
.\main\java\org\jfree\chart\plot\,RingPlot.java,347,302,0.870317,61,0.014267491
.\main\java\org\jfree\chart\plot\,SeriesRenderingOrder.java,5,53,10.6,0,0
.\main\java\org\jfree\chart\plot\,SpiderWebPlot.java,677,605,0.89364845,125,0.0071491874
.\main\java\org\jfree\chart\plot\,ThermometerPlot.java,764,682,0.89267015,150,0.0059511345
.\main\java\org\jfree\chart\plot\,ValueAxisPlot.java,6,47,7.8333335,1,7.8333335
.\main\java\org\jfree\chart\plot\,ValueMarker.java,43,92,2.139535,10,0.2139535
.\main\java\org\jfree\chart\plot\,WaferMapPlot.java,237,156,0.65822786,33,0.0199463
.\main\java\org\jfree\chart\plot\,XYCrosshairState.java,6,46,7.6666665,1,7.6666665
.\main\java\org\jfree\chart\plot\,XYPlot.java,2736,2259,0.8256579,599,0.0013783938
.\main\java\org\jfree\chart\plot\,Zoomable.java,18,133,7.388889,5,1.4777777
.\main\java\org\jfree\chart\renderer\,AbstractRenderer.java,1237,1539,1.2441391,308,0.0040394124
.\main\java\org\jfree\chart\renderer\,AreaRendererEndType.java,6,52,8.666667,0,0
.\main\java\org\jfree\chart\renderer\category\,AbstractCategoryItemRenderer.java,933,618,0.66237944,162,0.004088762
.\main\java\org\jfree\chart\renderer\category\,AreaRenderer.java,192,107,0.5572917,29,0.019216955
.\main\java\org\jfree\chart\renderer\category\,BarPainter.java,11,73,6.6363635,1,6.6363635
.\main\java\org\jfree\chart\renderer\category\,BarRenderer.java,685,521,0.76058394,131,0.005805984
.\main\java\org\jfree\chart\renderer\category\,BoxAndWhiskerRenderer.java,596,419,0.70302016,100,0.0070302016
.\main\java\org\jfree\chart\renderer\category\,CategoryItemRenderer.java,170,1269,7.464706,68,0.10977509
.\main\java\org\jfree\chart\renderer\category\,CategoryItemRendererState.java,64,122,1.90625,16,0.119140625
.\main\java\org\jfree\chart\renderer\category\,CategoryStepRenderer.java,174,154,0.88505745,29,0.030519223
.\main\java\org\jfree\chart\renderer\category\,DefaultCategoryItemRenderer.java,7,45,6.428571,0,0
.\main\java\org\jfree\chart\renderer\category\,GanttRenderer.java,351,205,0.5840456,54,0.010815659
.\main\java\org\jfree\chart\renderer\category\,GradientBarPainter.java,214,126,0.58878505,31,0.018993067
.\main\java\org\jfree\chart\renderer\category\,GroupedStackedBarRenderer.java,218,114,0.5229358,32,0.016341744
.\main\java\org\jfree\chart\renderer\category\,IntervalBarRenderer.java,117,103,0.8803419,19,0.046333782
.\main\java\org\jfree\chart\renderer\category\,LayeredBarRenderer.java,292,147,0.50342464,55,0.009153175
.\main\java\org\jfree\chart\renderer\category\,LevelRenderer.java,224,182,0.8125,34,0.02389706
.\main\java\org\jfree\chart\renderer\category\,LineAndShapeRenderer.java,379,396,1.0448549,77,0.013569544
.\main\java\org\jfree\chart\renderer\category\,MinMaxCategoryRenderer.java,268,226,0.8432836,44,0.019165536
.\main\java\org\jfree\chart\renderer\category\,package-info.java,1,3,3.0,0,0
.\main\java\org\jfree\chart\renderer\category\,ScatterRenderer.java,269,265,0.98513013,49,0.020104697
.\main\java\org\jfree\chart\renderer\category\,StackedAreaRenderer.java,285,156,0.5473684,40,0.01368421
.\main\java\org\jfree\chart\renderer\category\,StackedBarRenderer.java,216,131,0.6064815,37,0.016391391
.\main\java\org\jfree\chart\renderer\category\,StandardBarPainter.java,106,96,0.9056604,21,0.043126684
.\main\java\org\jfree\chart\renderer\category\,StatisticalBarRenderer.java,342,186,0.54385966,53,0.010261503
.\main\java\org\jfree\chart\renderer\category\,StatisticalLineAndShapeRenderer.java,270,158,0.58518517,44,0.013299663
.\main\java\org\jfree\chart\renderer\category\,WaterfallBarRenderer.java,261,169,0.6475096,40,0.016187739
.\main\java\org\jfree\chart\renderer\,DefaultPolarItemRenderer.java,492,354,0.7195122,85,0.00846485
.\main\java\org\jfree\chart\renderer\,GrayPaintScale.java,82,121,1.4756098,16,0.09222561
.\main\java\org\jfree\chart\renderer\,LookupPaintScale.java,179,165,0.92178774,35,0.026336793
.\main\java\org\jfree\chart\renderer\,NotOutlierException.java,6,51,8.5,1,8.5
.\main\java\org\jfree\chart\renderer\,Outlier.java,70,126,1.8,17,0.10588235
.\main\java\org\jfree\chart\renderer\,OutlierList.java,49,107,2.1836734,11,0.19851576
.\main\java\org\jfree\chart\renderer\,OutlierListCollection.java,49,108,2.2040815,12,0.18367346
.\main\java\org\jfree\chart\renderer\,package-info.java,1,3,3.0,0,0
.\main\java\org\jfree\chart\renderer\,PaintScale.java,8,65,8.125,2,4.0625
.\main\java\org\jfree\chart\renderer\,PolarItemRenderer.java,35,147,4.2,8,0.525
.\main\java\org\jfree\chart\renderer\,RendererState.java,34,72,2.1176472,7,0.30252102
.\main\java\org\jfree\chart\renderer\,RendererUtils.java,153,94,0.6143791,32,0.019199347
.\main\java\org\jfree\chart\renderer\,WaferMapRenderer.java,204,145,0.7107843,43,0.016529867
.\main\java\org\jfree\chart\renderer\xy\,AbstractXYItemRenderer.java,976,552,0.56557375,158,0.0035795807
.\main\java\org\jfree\chart\renderer\xy\,CandlestickRenderer.java,429,390,0.90909094,75,0.012121213
.\main\java\org\jfree\chart\renderer\xy\,ClusteredXYBarRenderer.java,200,131,0.655,32,0.02046875
.\main\java\org\jfree\chart\renderer\xy\,CyclicXYItemRenderer.java,249,188,0.7550201,51,0.014804316
.\main\java\org\jfree\chart\renderer\xy\,DefaultXYItemRenderer.java,6,46,7.6666665,0,0
.\main\java\org\jfree\chart\renderer\xy\,DeviationRenderer.java,168,174,1.0357143,29,0.035714284
.\main\java\org\jfree\chart\renderer\xy\,DeviationStepRenderer.java,173,109,0.6300578,31,0.020324446
.\main\java\org\jfree\chart\renderer\xy\,GradientXYBarPainter.java,214,125,0.58411217,31,0.018842328
.\main\java\org\jfree\chart\renderer\xy\,HighLowRenderer.java,243,206,0.8477366,46,0.018429056
.\main\java\org\jfree\chart\renderer\xy\,package-info.java,1,3,3.0,0,0
.\main\java\org\jfree\chart\renderer\xy\,SamplingXYLineRenderer.java,170,163,0.9588235,20,0.047941174
.\main\java\org\jfree\chart\renderer\xy\,StackedXYAreaRenderer.java,335,274,0.81791043,61,0.0134083675
.\main\java\org\jfree\chart\renderer\xy\,StackedXYAreaRenderer2.java,325,170,0.52307695,43,0.012164581
.\main\java\org\jfree\chart\renderer\xy\,StackedXYBarRenderer.java,224,150,0.66964287,42,0.015943877
.\main\java\org\jfree\chart\renderer\xy\,StandardXYBarPainter.java,106,96,0.9056604,21,0.043126684
.\main\java\org\jfree\chart\renderer\xy\,StandardXYItemRenderer.java,466,436,0.93562233,94,0.009953429
.\main\java\org\jfree\chart\renderer\xy\,VectorRenderer.java,207,108,0.5217391,29,0.017991005
.\main\java\org\jfree\chart\renderer\xy\,WindItemRenderer.java,84,73,0.86904764,2,0.43452382
.\main\java\org\jfree\chart\renderer\xy\,XYAreaRenderer.java,387,265,0.68475455,67,0.0102202175
.\main\java\org\jfree\chart\renderer\xy\,XYAreaRenderer2.java,234,159,0.67948717,30,0.022649573
.\main\java\org\jfree\chart\renderer\xy\,XYBarPainter.java,11,69,6.2727275,1,6.2727275
.\main\java\org\jfree\chart\renderer\xy\,XYBarRenderer.java,624,463,0.74198717,126,0.005888787
.\main\java\org\jfree\chart\renderer\xy\,XYBlockRenderer.java,259,228,0.88030887,49,0.017965486
.\main\java\org\jfree\chart\renderer\xy\,XYBoxAndWhiskerRenderer.java,434,301,0.6935484,63,0.011008704
.\main\java\org\jfree\chart\renderer\xy\,XYBubbleRenderer.java,192,119,0.6197917,28,0.022135418
.\main\java\org\jfree\chart\renderer\xy\,XYDifferenceRenderer.java,708,354,0.5,87,0.0057471264
.\main\java\org\jfree\chart\renderer\xy\,XYDotRenderer.java,169,167,0.9881657,28,0.03529163
.\main\java\org\jfree\chart\renderer\xy\,XYErrorRenderer.java,213,204,0.9577465,34,0.028169015
.\main\java\org\jfree\chart\renderer\xy\,XYItemRenderer.java,169,1158,6.852071,66,0.10381925
.\main\java\org\jfree\chart\renderer\xy\,XYItemRendererState.java,37,145,3.9189188,7,0.55984557
.\main\java\org\jfree\chart\renderer\xy\,XYLineAndShapeRenderer.java,522,559,1.0708812,100,0.010708813
.\main\java\org\jfree\chart\renderer\xy\,XYShapeRenderer.java,273,292,1.0695971,50,0.021391943
.\main\java\org\jfree\chart\renderer\xy\,XYSplineRenderer.java,273,210,0.7692308,43,0.017889088
.\main\java\org\jfree\chart\renderer\xy\,XYStepAreaRenderer.java,295,272,0.9220339,58,0.015897136
.\main\java\org\jfree\chart\renderer\xy\,XYStepRenderer.java,167,152,0.9101796,25,0.036407184
.\main\java\org\jfree\chart\renderer\xy\,YIntervalRenderer.java,142,135,0.9507042,17,0.05592378
.\main\java\org\jfree\chart\,StandardChartTheme.java,947,697,0.73600847,196,0.0037551452
.\main\java\org\jfree\chart\swing\,AbstractOverlay.java,32,69,2.15625,7,0.3080357
.\main\java\org\jfree\chart\swing\,ApplicationFrame.java,35,79,2.2571428,9,0.25079364
.\main\java\org\jfree\chart\swing\,ChartFrame.java,25,58,2.32,4,0.58
.\main\java\org\jfree\chart\swing\,ChartMouseEvent.java,29,68,2.3448277,4,0.5862069
.\main\java\org\jfree\chart\swing\,ChartMouseListener.java,7,52,7.428571,1,7.428571
.\main\java\org\jfree\chart\swing\,ChartPanel.java,1587,1190,0.74984246,264,0.0028403124
.\main\java\org\jfree\chart\swing\,CrosshairOverlay.java,399,173,0.43358395,75,0.005781119
.\main\java\org\jfree\chart\swing\,DefaultSelectionZoomStrategy.java,156,83,0.53205127,26,0.02046351
.\main\java\org\jfree\chart\swing\editor\,ChartEditor.java,6,46,7.6666665,1,7.6666665
.\main\java\org\jfree\chart\swing\editor\,ChartEditorFactory.java,5,45,9.0,1,9.0
.\main\java\org\jfree\chart\swing\editor\,ChartEditorManager.java,18,63,3.5,4,0.875
.\main\java\org\jfree\chart\swing\editor\,DefaultAxisEditor.java,221,222,1.004525,26,0.038635574
.\main\java\org\jfree\chart\swing\editor\,DefaultChartEditor.java,143,90,0.6293706,11,0.05721551
.\main\java\org\jfree\chart\swing\editor\,DefaultChartEditorFactory.java,10,48,4.8,2,2.4
.\main\java\org\jfree\chart\swing\editor\,DefaultLogAxisEditor.java,83,66,0.79518074,12,0.06626506
.\main\java\org\jfree\chart\swing\editor\,DefaultNumberAxisEditor.java,97,54,0.556701,12,0.04639175
.\main\java\org\jfree\chart\swing\editor\,DefaultPlotEditor.java,367,196,0.53405994,66,0.008091818
.\main\java\org\jfree\chart\swing\editor\,DefaultPolarPlotEditor.java,111,77,0.6936937,14,0.04954955
.\main\java\org\jfree\chart\swing\editor\,DefaultTitleEditor.java,155,98,0.63225806,17,0.03719165
.\main\java\org\jfree\chart\swing\editor\,DefaultValueAxisEditor.java,226,141,0.6238938,33,0.018905872
.\main\java\org\jfree\chart\swing\editor\,FontChooserPanel.java,113,69,0.6106195,15,0.040707964
.\main\java\org\jfree\chart\swing\editor\,FontDisplayField.java,29,57,1.9655173,5,0.39310345
.\main\java\org\jfree\chart\swing\editor\,LCBLayout.java,148,89,0.6013514,28,0.021476835
.\main\java\org\jfree\chart\swing\editor\,package-info.java,1,3,3.0,0,0
.\main\java\org\jfree\chart\swing\editor\,PaintSample.java,43,57,1.3255814,5,0.26511627
.\main\java\org\jfree\chart\swing\editor\,StrokeChooserPanel.java,30,53,1.7666667,4,0.44166666
.\main\java\org\jfree\chart\swing\editor\,StrokeSample.java,72,74,1.0277778,8,0.12847222
.\main\java\org\jfree\chart\swing\,MouseWheelHandler.java,65,75,1.1538461,12,0.09615385
.\main\java\org\jfree\chart\swing\,NumberCellRenderer.java,30,48,1.6,4,0.4
.\main\java\org\jfree\chart\swing\,Overlay.java,7,71,10.142858,2,5.071429
.\main\java\org\jfree\chart\swing\,OverlayChangeEvent.java,8,44,5.5,1,5.5
.\main\java\org\jfree\chart\swing\,OverlayChangeListener.java,5,43,8.6,1,8.6
.\main\java\org\jfree\chart\swing\,package-info.java,1,3,3.0,0,0
.\main\java\org\jfree\chart\swing\,PolarChartPanel.java,116,99,0.8534483,18,0.047413792
.\main\java\org\jfree\chart\swing\,SelectionZoomStrategy.java,24,136,5.6666665,8,0.7083333
.\main\java\org\jfree\chart\swing\,UIUtils.java,85,96,1.1294118,13,0.08687783
.\main\java\org\jfree\chart\text\,AttributedStringUtils.java,44,45,1.0227273,9,0.11363636
.\main\java\org\jfree\chart\text\format\,HexNumberFormat.java,46,91,1.9782609,8,0.24728261
.\main\java\org\jfree\chart\text\format\,HMSNumberFormat.java,33,74,2.2424242,4,0.56060606
.\main\java\org\jfree\chart\text\format\,LogFormat.java,98,125,1.2755102,20,0.06377551
.\main\java\org\jfree\chart\text\format\,package-info.java,1,3,3.0,0,0
.\main\java\org\jfree\chart\text\format\,RelativeDateFormat.java,229,272,1.1877729,46,0.02582115
.\main\java\org\jfree\chart\text\,G2TextMeasurer.java,20,45,2.25,2,1.125
.\main\java\org\jfree\chart\text\,package-info.java,1,3,3.0,0,0
.\main\java\org\jfree\chart\text\,TextAnchor.java,54,94,1.7407408,8,0.2175926
.\main\java\org\jfree\chart\text\,TextBlock.java,163,135,0.82822084,26,0.03185465
.\main\java\org\jfree\chart\text\,TextBlockAnchor.java,12,43,3.5833333,0,0
.\main\java\org\jfree\chart\text\,TextBox.java,204,174,0.85294116,38,0.02244582
.\main\java\org\jfree\chart\text\,TextFragment.java,142,142,1.0,24,0.041666668
.\main\java\org\jfree\chart\text\,TextLine.java,122,114,0.93442625,23,0.04062723
.\main\java\org\jfree\chart\text\,TextMeasurer.java,5,40,8.0,1,8.0
.\main\java\org\jfree\chart\text\,TextUtils.java,400,307,0.7675,76,0.010098684
.\main\java\org\jfree\chart\title\,CompositeTitle.java,97,126,1.298969,17,0.07640994
.\main\java\org\jfree\chart\title\,DateTitle.java,37,117,3.162162,5,0.6324324
.\main\java\org\jfree\chart\title\,ImageTitle.java,176,154,0.875,28,0.03125
.\main\java\org\jfree\chart\title\,package-info.java,1,3,3.0,0,0
.\main\java\org\jfree\chart\title\,ShortTextTitle.java,119,104,0.8739496,24,0.036414567
.\main\java\org\jfree\chart\title\,TextTitle.java,469,332,0.70788914,93,0.007611711
.\main\java\org\jfree\chart\title\,Title.java,180,216,1.2,35,0.034285717
.\main\java\org\jfree\chart\urls\,CategoryURLGenerator.java,6,67,11.166667,1,11.166667
.\main\java\org\jfree\chart\urls\,CustomCategoryURLGenerator.java,88,91,1.0340909,21,0.049242422
.\main\java\org\jfree\chart\urls\,CustomPieURLGenerator.java,95,109,1.1473684,19,0.060387813
.\main\java\org\jfree\chart\urls\,CustomXYURLGenerator.java,89,104,1.1685393,21,0.05564473
.\main\java\org\jfree\chart\urls\,package-info.java,1,3,3.0,0,0
.\main\java\org\jfree\chart\urls\,PieURLGenerator.java,5,59,11.8,1,11.8
.\main\java\org\jfree\chart\urls\,StandardCategoryURLGenerator.java,86,94,1.0930233,11,0.099365756
.\main\java\org\jfree\chart\urls\,StandardPieURLGenerator.java,70,82,1.1714286,13,0.09010989
.\main\java\org\jfree\chart\urls\,StandardXYURLGenerator.java,58,82,1.4137931,10,0.14137931
.\main\java\org\jfree\chart\urls\,StandardXYZURLGenerator.java,9,51,5.6666665,1,5.6666665
.\main\java\org\jfree\chart\urls\,TimeSeriesURLGenerator.java,90,93,1.0333333,15,0.06888889
.\main\java\org\jfree\chart\urls\,XYURLGenerator.java,5,61,12.2,1,12.2
.\main\java\org\jfree\chart\urls\,XYZURLGenerator.java,5,56,11.2,1,11.2
.\main\java\org\jfree\chart\util\,AttrStringUtils.java,193,117,0.6062176,32,0.0189443
.\main\java\org\jfree\chart\util\,DefaultShadowGenerator.java,158,126,0.79746836,28,0.028481012
.\main\java\org\jfree\chart\util\,DirectionalGradientPaintTransformer.java,50,77,1.54,4,0.385
.\main\java\org\jfree\chart\util\,ExportUtils.java,114,99,0.8684211,8,0.108552635
.\main\java\org\jfree\chart\util\,GradientPaintTransformer.java,7,41,5.857143,1,5.857143
.\main\java\org\jfree\chart\util\,GradientPaintTransformType.java,7,33,4.714286,0,0
.\main\java\org\jfree\chart\util\,package-info.java,1,3,3.0,0,0
.\main\java\org\jfree\chart\util\,PaintAlpha.java,138,225,1.6304348,27,0.06038647
.\main\java\org\jfree\chart\util\,ShadowGenerator.java,7,61,8.714286,2,4.357143
.\main\java\org\jfree\chart\util\,StandardGradientPaintTransformer.java,90,77,0.85555553,13,0.06581196
.\main\java\org\jfree\chart\util\,StringUtils.java,25,62,2.48,6,0.41333333
.\main\java\org\jfree\data\category\,CategoryDataset.java,6,59,9.833333,0,0
.\main\java\org\jfree\data\category\,CategoryRangeInfo.java,7,55,7.857143,1,7.857143
.\main\java\org\jfree\data\category\,CategoryToPieDataset.java,155,147,0.9483871,39,0.024317618
.\main\java\org\jfree\data\category\,DefaultCategoryDataset.java,146,266,1.8219178,28,0.06506849
.\main\java\org\jfree\data\category\,DefaultIntervalCategoryDataset.java,380,362,0.9526316,82,0.011617458
.\main\java\org\jfree\data\category\,IntervalCategoryDataset.java,8,79,9.875,2,4.9375
.\main\java\org\jfree\data\category\,SlidingCategoryDataset.java,152,197,1.2960526,32,0.040501643
.\main\java\org\jfree\data\,ComparableObjectItem.java,56,97,1.7321428,11,0.15746753
.\main\java\org\jfree\data\,ComparableObjectSeries.java,209,217,1.0382775,47,0.02209101
.\main\java\org\jfree\data\,DataUtils.java,126,122,0.96825397,32,0.030257937
.\main\java\org\jfree\data\,DefaultKeyedValue.java,56,93,1.6607143,10,0.16607143
.\main\java\org\jfree\data\,DefaultKeyedValues.java,203,211,1.0394089,41,0.025351437
.\main\java\org\jfree\data\,DefaultKeyedValues2D.java,255,252,0.9882353,46,0.021483377
.\main\java\org\jfree\data\,DomainInfo.java,6,68,11.333333,2,5.6666665
.\main\java\org\jfree\data\,DomainOrder.java,6,41,6.8333335,0,0
.\main\java\org\jfree\data\flow\,DefaultFlowDataset.java,188,169,0.89893615,40,0.022473404
.\main\java\org\jfree\data\flow\,FlowDataset.java,18,109,6.0555553,3,2.0185184
.\main\java\org\jfree\data\flow\,FlowDatasetUtils.java,96,105,1.09375,26,0.042067308
.\main\java\org\jfree\data\flow\,FlowKey.java,72,90,1.25,13,0.09615385
.\main\java\org\jfree\data\flow\,NodeKey.java,61,84,1.3770492,11,0.1251863
.\main\java\org\jfree\data\flow\,package-info.java,1,3,3.0,0,0
.\main\java\org\jfree\data\function\,Function2D.java,4,50,12.5,1,12.5
.\main\java\org\jfree\data\function\,LineFunction2D.java,42,79,1.8809524,9,0.2089947
.\main\java\org\jfree\data\function\,NormalDistributionFunction2D.java,51,79,1.5490196,10,0.15490195
.\main\java\org\jfree\data\function\,PolynomialFunction2D.java,38,79,2.0789473,8,0.2598684
.\main\java\org\jfree\data\function\,PowerFunction2D.java,42,79,1.8809524,9,0.2089947
.\main\java\org\jfree\data\gantt\,GanttCategoryDataset.java,15,145,9.666667,5,1.9333334
.\main\java\org\jfree\data\gantt\,SlidingGanttCategoryDataset.java,283,335,1.1837456,60,0.019729095
.\main\java\org\jfree\data\gantt\,Task.java,98,131,1.3367347,21,0.06365403
.\main\java\org\jfree\data\gantt\,TaskSeries.java,79,105,1.329114,9,0.14767933
.\main\java\org\jfree\data\gantt\,TaskSeriesCollection.java,316,319,1.0094937,61,0.016549077
.\main\java\org\jfree\data\gantt\,XYTaskDataset.java,203,242,1.1921182,42,0.028383765
.\main\java\org\jfree\data\general\,AbstractDataset.java,73,152,2.0821917,13,0.16016859
.\main\java\org\jfree\data\general\,AbstractSeriesDataset.java,28,72,2.5714285,7,0.36734694
.\main\java\org\jfree\data\general\,Dataset.java,5,52,10.4,1,10.4
.\main\java\org\jfree\data\general\,DatasetChangeEvent.java,11,69,6.2727275,2,3.1363637
.\main\java\org\jfree\data\general\,DatasetChangeListener.java,5,52,10.4,1,10.4
.\main\java\org\jfree\data\general\,DatasetUtils.java,1463,872,0.59603554,319,0.00186845
.\main\java\org\jfree\data\general\,DefaultHeatMapDataset.java,136,171,1.257353,31,0.040559772
.\main\java\org\jfree\data\general\,DefaultKeyedValueDataset.java,78,103,1.3205128,18,0.07336182
.\main\java\org\jfree\data\general\,DefaultKeyedValues2DDataset.java,8,49,6.125,0,0
.\main\java\org\jfree\data\general\,DefaultKeyedValuesDataset.java,5,41,8.2,0,0
.\main\java\org\jfree\data\general\,DefaultPieDataset.java,127,196,1.5433071,25,0.06173228
.\main\java\org\jfree\data\general\,DefaultValueDataset.java,42,86,2.047619,9,0.22751324
.\main\java\org\jfree\data\general\,HeatMapDataset.java,13,128,9.846154,5,1.9692309
.\main\java\org\jfree\data\general\,HeatMapUtils.java,50,69,1.38,7,0.19714285
.\main\java\org\jfree\data\general\,KeyedValueDataset.java,4,43,10.75,0,0
.\main\java\org\jfree\data\general\,KeyedValues2DDataset.java,4,43,10.75,0,0
.\main\java\org\jfree\data\general\,KeyedValuesDataset.java,4,39,9.75,0,0
.\main\java\org\jfree\data\general\,PieDataset.java,5,44,8.8,0,0
.\main\java\org\jfree\data\general\,Series.java,79,142,1.7974683,19,0.0946036
.\main\java\org\jfree\data\general\,SeriesChangeEvent.java,9,49,5.4444447,1,5.4444447
.\main\java\org\jfree\data\general\,SeriesChangeListener.java,5,49,9.8,1,9.8
.\main\java\org\jfree\data\general\,SeriesDataset.java,11,67,6.090909,2,3.0454545
.\main\java\org\jfree\data\general\,SeriesException.java,8,50,6.25,1,6.25
.\main\java\org\jfree\data\general\,ValueDataset.java,4,43,10.75,0,0
.\main\java\org\jfree\data\general\,WaferMapDataset.java,109,164,1.5045872,29,0.051882315
.\main\java\org\jfree\data\io\,CSV.java,96,95,0.9895833,15,0.065972224
.\main\java\org\jfree\data\,ItemKey.java,4,43,10.75,1,10.75
.\main\java\org\jfree\data\json\impl\,JSONArray.java,80,72,0.9,11,0.08181818
.\main\java\org\jfree\data\json\impl\,JSONAware.java,5,37,7.4,1,7.4
.\main\java\org\jfree\data\json\impl\,JSONObject.java,95,90,0.94736844,12,0.07894737
.\main\java\org\jfree\data\json\impl\,JSONStreamAware.java,7,40,5.714286,0,0
.\main\java\org\jfree\data\json\impl\,JSONValue.java,177,159,0.89830506,38,0.023639606
.\main\java\org\jfree\data\json\impl\,package-info.java,1,3,3.0,0,0
.\main\java\org\jfree\data\json\,JSONUtils.java,104,85,0.8173077,12,0.068108976
.\main\java\org\jfree\data\json\,package-info.java,1,3,3.0,0,0
.\main\java\org\jfree\data\,KeyedObject.java,56,79,1.4107143,11,0.12824675
.\main\java\org\jfree\data\,KeyedObjects.java,149,166,1.114094,31,0.035938516
.\main\java\org\jfree\data\,KeyedObjects2D.java,244,218,0.89344263,47,0.019009417
.\main\java\org\jfree\data\,KeyedValue.java,4,46,11.5,1,11.5
.\main\java\org\jfree\data\,KeyedValueComparator.java,84,67,0.79761904,18,0.044312168
.\main\java\org\jfree\data\,KeyedValueComparatorType.java,5,47,9.4,0,0
.\main\java\org\jfree\data\,KeyedValues.java,8,81,10.125,2,5.0625
.\main\java\org\jfree\data\,KeyedValues2D.java,12,91,7.5833335,3,2.527778
.\main\java\org\jfree\data\,KeyedValues2DItemKey.java,80,69,0.8625,13,0.06634615
.\main\java\org\jfree\data\,KeyedValuesItemKey.java,54,58,1.074074,9,0.11934156
.\main\java\org\jfree\data\,KeyToGroupMap.java,162,126,0.7777778,32,0.024305556
.\main\java\org\jfree\data\,Range.java,198,229,1.1565657,50,0.023131313
.\main\java\org\jfree\data\,RangeInfo.java,6,64,10.666667,2,5.3333335
.\main\java\org\jfree\data\,RangeType.java,6,47,7.8333335,0,0
.\main\java\org\jfree\data\resources\,DataPackageResources.java,12,50,4.1666665,1,4.1666665
.\main\java\org\jfree\data\resources\,DataPackageResources_de.java,12,50,4.1666665,1,4.1666665
.\main\java\org\jfree\data\resources\,DataPackageResources_es.java,12,50,4.1666665,1,4.1666665
.\main\java\org\jfree\data\resources\,DataPackageResources_fr.java,12,49,4.0833335,1,4.0833335
.\main\java\org\jfree\data\resources\,DataPackageResources_pl.java,12,51,4.25,1,4.25
.\main\java\org\jfree\data\resources\,DataPackageResources_ru.java,12,47,3.9166667,1,3.9166667
.\main\java\org\jfree\data\statistics\,BoxAndWhiskerCalculator.java,110,89,0.8090909,19,0.042583734
.\main\java\org\jfree\data\statistics\,BoxAndWhiskerCategoryDataset.java,24,194,8.083333,1,8.083333
.\main\java\org\jfree\data\statistics\,BoxAndWhiskerItem.java,125,138,1.104,26,0.042461537
.\main\java\org\jfree\data\statistics\,BoxAndWhiskerXYDataset.java,17,148,8.705882,6,1.4509803
.\main\java\org\jfree\data\statistics\,DefaultBoxAndWhiskerCategoryDataset.java,412,457,1.1092232,59,0.018800395
.\main\java\org\jfree\data\statistics\,DefaultBoxAndWhiskerXYDataset.java,239,284,1.1882845,48,0.024755927
.\main\java\org\jfree\data\statistics\,DefaultMultiValueCategoryDataset.java,196,184,0.93877554,40,0.023469388
.\main\java\org\jfree\data\statistics\,DefaultStatisticalCategoryDataset.java,363,321,0.88429755,55,0.016078137
.\main\java\org\jfree\data\statistics\,HistogramBin.java,62,94,1.516129,12,0.12634408
.\main\java\org\jfree\data\statistics\,HistogramDataset.java,213,253,1.1877934,42,0.028280795
.\main\java\org\jfree\data\statistics\,HistogramType.java,6,46,7.6666665,0,0
.\main\java\org\jfree\data\statistics\,MeanAndStandardDeviation.java,65,99,1.5230769,15,0.10153846
.\main\java\org\jfree\data\statistics\,MultiValueCategoryDataset.java,8,58,7.25,1,7.25
.\main\java\org\jfree\data\statistics\,Regression.java,223,107,0.47982064,36,0.013328351
.\main\java\org\jfree\data\statistics\,SimpleHistogramBin.java,130,129,0.99230766,32,0.031009614
.\main\java\org\jfree\data\statistics\,SimpleHistogramDataset.java,188,264,1.4042553,41,0.03425013
.\main\java\org\jfree\data\statistics\,StatisticalCategoryDataset.java,9,71,7.888889,2,3.9444444
.\main\java\org\jfree\data\statistics\,Statistics.java,234,186,0.7948718,46,0.017279822
.\main\java\org\jfree\data\time\,DateRange.java,44,103,2.340909,9,0.260101
.\main\java\org\jfree\data\time\,Day.java,187,248,1.3262032,31,0.04278075
.\main\java\org\jfree\data\time\,DynamicTimeSeriesCollection.java,411,461,1.1216545,96,0.011683901
.\main\java\org\jfree\data\time\,FixedMillisecond.java,111,149,1.3423424,24,0.05593093
.\main\java\org\jfree\data\time\,Hour.java,198,248,1.2525252,37,0.033852033
.\main\java\org\jfree\data\time\,Millisecond.java,194,218,1.1237113,34,0.033050332
.\main\java\org\jfree\data\time\,Minute.java,207,242,1.1690822,36,0.032474503
.\main\java\org\jfree\data\time\,Month.java,239,256,1.0711297,47,0.022789992
.\main\java\org\jfree\data\time\,MovingAverage.java,165,131,0.7939394,32,0.024810607
.\main\java\org\jfree\data\time\ohlc\,OHLC.java,59,85,1.440678,13,0.11082138
.\main\java\org\jfree\data\time\ohlc\,OHLCItem.java,51,78,1.5294118,11,0.13903743
.\main\java\org\jfree\data\time\ohlc\,OHLCSeries.java,39,89,2.2820513,8,0.28525642
.\main\java\org\jfree\data\time\ohlc\,OHLCSeriesCollection.java,187,268,1.4331551,39,0.036747567
.\main\java\org\jfree\data\time\,Quarter.java,198,242,1.2222222,35,0.034920633
.\main\java\org\jfree\data\time\,RegularTimePeriod.java,111,251,2.2612612,31,0.07294391
.\main\java\org\jfree\data\time\,Second.java,196,224,1.1428572,38,0.030075189
.\main\java\org\jfree\data\time\,SimpleTimePeriod.java,91,110,1.2087913,20,0.060439564
.\main\java\org\jfree\data\time\,TimePeriod.java,6,51,8.5,1,8.5
.\main\java\org\jfree\data\time\,TimePeriodAnchor.java,6,42,7.0,0,0
.\main\java\org\jfree\data\time\,TimePeriodFormatException.java,6,43,7.1666665,1,7.1666665
.\main\java\org\jfree\data\time\,TimePeriodValue.java,66,103,1.560606,13,0.120046616
.\main\java\org\jfree\data\time\,TimePeriodValues.java,240,204,0.85,42,0.020238096
.\main\java\org\jfree\data\time\,TimePeriodValuesCollection.java,207,204,0.98550725,41,0.024036761
.\main\java\org\jfree\data\time\,TimeSeries.java,609,574,0.9425287,132,0.007140369
.\main\java\org\jfree\data\time\,TimeSeriesCollection.java,324,340,1.0493827,67,0.015662428
.\main\java\org\jfree\data\time\,TimeSeriesDataItem.java,66,125,1.8939394,13,0.14568764
.\main\java\org\jfree\data\time\,TimeSeriesTableModel.java,127,113,0.8897638,26,0.034221683
.\main\java\org\jfree\data\time\,TimeTableXYDataset.java,230,331,1.4391304,49,0.029370008
.\main\java\org\jfree\data\time\,Week.java,302,293,0.9701987,53,0.018305635
.\main\java\org\jfree\data\time\,Year.java,141,227,1.6099291,26,0.06192035
.\main\java\org\jfree\data\,UnknownKeyException.java,6,47,7.8333335,1,7.8333335
.\main\java\org\jfree\data\,Value.java,4,48,12.0,1,12.0
.\main\java\org\jfree\data\,Values.java,5,54,10.8,1,10.8
.\main\java\org\jfree\data\,Values2D.java,6,63,10.5,2,5.25
.\main\java\org\jfree\data\xml\,CategoryDatasetHandler.java,48,73,1.5208334,7,0.21726191
.\main\java\org\jfree\data\xml\,CategorySeriesHandler.java,56,78,1.3928572,8,0.17410715
.\main\java\org\jfree\data\xml\,DatasetReader.java,75,89,1.1866666,3,0.39555553
.\main\java\org\jfree\data\xml\,DatasetTags.java,9,48,5.3333335,0,0
.\main\java\org\jfree\data\xml\,ItemHandler.java,62,89,1.4354838,10,0.14354838
.\main\java\org\jfree\data\xml\,KeyHandler.java,53,88,1.6603774,7,0.23719677
.\main\java\org\jfree\data\xml\,PieDatasetHandler.java,45,76,1.6888889,7,0.24126984
.\main\java\org\jfree\data\xml\,RootHandler.java,39,75,1.9230769,9,0.2136752
.\main\java\org\jfree\data\xml\,ValueHandler.java,60,87,1.45,8,0.18125
.\main\java\org\jfree\data\xy\,AbstractIntervalXYDataset.java,41,75,1.8292683,8,0.22865854
.\main\java\org\jfree\data\xy\,AbstractXYDataset.java,28,62,2.2142856,5,0.44285712
.\main\java\org\jfree\data\xy\,AbstractXYZDataset.java,13,47,3.6153846,2,1.8076923
.\main\java\org\jfree\data\xy\,CategoryTableXYDataset.java,143,241,1.6853147,32,0.052666083
.\main\java\org\jfree\data\xy\,DefaultHighLowDataset.java,155,243,1.567742,34,0.04611006
.\main\java\org\jfree\data\xy\,DefaultIntervalXYDataset.java,197,330,1.6751269,33,0.05076142
.\main\java\org\jfree\data\xy\,DefaultOHLCDataset.java,128,192,1.5,28,0.05357143
.\main\java\org\jfree\data\xy\,DefaultTableXYDataset.java,293,289,0.98634815,64,0.01541169
.\main\java\org\jfree\data\xy\,DefaultWindDataset.java,186,208,1.1182796,40,0.027956989
.\main\java\org\jfree\data\xy\,DefaultXYDataset.java,148,213,1.4391892,28,0.051399615
.\main\java\org\jfree\data\xy\,DefaultXYZDataset.java,158,246,1.556962,28,0.055605788
.\main\java\org\jfree\data\xy\,IntervalXYDataset.java,11,126,11.454545,4,2.8636363
.\main\java\org\jfree\data\xy\,IntervalXYDelegate.java,180,256,1.4222223,39,0.036467236
.\main\java\org\jfree\data\xy\,IntervalXYZDataset.java,10,87,8.7,3,2.8999999
.\main\java\org\jfree\data\xy\,MatrixSeries.java,75,125,1.6666666,20,0.08333333
.\main\java\org\jfree\data\xy\,MatrixSeriesCollection.java,108,164,1.5185186,18,0.08436214
.\main\java\org\jfree\data\xy\,NormalizedMatrixSeries.java,35,96,2.7428572,6,0.45714286
.\main\java\org\jfree\data\xy\,OHLCDataItem.java,77,105,1.3636364,17,0.080213904
.\main\java\org\jfree\data\xy\,OHLCDataset.java,13,136,10.461538,5,2.0923076
.\main\java\org\jfree\data\xy\,TableXYDataset.java,4,53,13.25,1,13.25
.\main\java\org\jfree\data\xy\,Vector.java,48,87,1.8125,11,0.16477273
.\main\java\org\jfree\data\xy\,VectorDataItem.java,36,81,2.25,8,0.28125
.\main\java\org\jfree\data\xy\,VectorSeries.java,45,118,2.6222222,10,0.26222223
.\main\java\org\jfree\data\xy\,VectorSeriesCollection.java,115,188,1.6347826,17,0.09616368
.\main\java\org\jfree\data\xy\,VectorXYDataset.java,6,67,11.166667,2,5.5833335
.\main\java\org\jfree\data\xy\,WindDataset.java,5,62,12.4,1,12.4
.\main\java\org\jfree\data\xy\,XIntervalDataItem.java,34,70,2.0588236,8,0.25735295
.\main\java\org\jfree\data\xy\,XIntervalSeries.java,40,122,3.05,9,0.33888888
.\main\java\org\jfree\data\xy\,XIntervalSeriesCollection.java,140,220,1.5714285,23,0.06832298
.\main\java\org\jfree\data\xy\,XisSymbolic.java,6,66,11.0,2,5.5
.\main\java\org\jfree\data\xy\,XYBarDataset.java,125,230,1.84,27,0.06814815
.\main\java\org\jfree\data\xy\,XYCoordinate.java,71,84,1.1830986,17,0.06959403
.\main\java\org\jfree\data\xy\,XYDataItem.java,93,130,1.3978494,20,0.06989247
.\main\java\org\jfree\data\xy\,XYDataset.java,11,97,8.818182,3,2.939394
.\main\java\org\jfree\data\xy\,XYDatasetTableModel.java,73,168,2.30137,17,0.1353747
.\main\java\org\jfree\data\xy\,XYDomainInfo.java,6,49,8.166667,1,8.166667
.\main\java\org\jfree\data\xy\,XYInterval.java,58,85,1.4655173,14,0.10467981
.\main\java\org\jfree\data\xy\,XYIntervalDataItem.java,56,78,1.3928572,12,0.11607143
.\main\java\org\jfree\data\xy\,XYIntervalSeries.java,50,140,2.8,11,0.25454545
.\main\java\org\jfree\data\xy\,XYIntervalSeriesCollection.java,132,225,1.7045455,24,0.07102273
.\main\java\org\jfree\data\xy\,XYItemKey.java,76,68,0.8947368,13,0.06882591
.\main\java\org\jfree\data\xy\,XYRangeInfo.java,6,50,8.333333,1,8.333333
.\main\java\org\jfree\data\xy\,XYSeries.java,425,467,1.0988235,96,0.011446078
.\main\java\org\jfree\data\xy\,XYSeriesCollection.java,372,338,0.9086022,75,0.012114695
.\main\java\org\jfree\data\xy\,XYZDataset.java,5,55,11.0,1,11.0
.\main\java\org\jfree\data\xy\,YInterval.java,41,71,1.7317073,10,0.17317073
.\main\java\org\jfree\data\xy\,YIntervalDataItem.java,37,66,1.7837838,8,0.22297297
.\main\java\org\jfree\data\xy\,YIntervalSeries.java,40,124,3.1,9,0.34444442
.\main\java\org\jfree\data\xy\,YIntervalSeriesCollection.java,122,199,1.6311475,21,0.07767369
.\main\java\org\jfree\data\xy\,YisSymbolic.java,6,67,11.166667,2,5.5833335
.\main\java\org\jfree\data\xy\,YWithXInterval.java,41,75,1.8292683,10,0.18292683
